GEOID,NAME,Year,rent10kPerc,own10kPerc,rent20kPerc,own20kPerc,rent35kPerc,own35kPerc,rent50kPerc,own50kPerc,rent75kPerc,own75kPerc,rent75kPlusPerc,own75kPlusPerc
1,Alabama,2009,68.08,73.31,71.12,52.76,45.31,37.21,14.66,24.01,4.15,10.92,0.68,3.45
1,Alabama,2010,68.95,73.79,73.36,58.21,51.32,38.2,16.71,26.42,5.48,14.68,2.94,4.15
1,Alabama,2011,67.9,76.44,75.65,57.31,52.55,39.19,19.65,26.08,5.33,12.09,0.37,4.27
1,Alabama,2012,62.74,69.42,72.85,51.94,48.23,35.74,17.21,21.02,3.1,10.8,1.4,2.92
1,Alabama,2013,67.7,69.38,74.69,51.89,49.79,34.26,19.15,20.79,4.66,9.17,1.76,2.49
1,Alabama,2014,66.69,70.11,77.49,54.85,52.94,36.67,18.75,22.32,5.28,10.81,0.59,2.42
1,Alabama,2015,62.69,62.38,75.86,53.2,52.93,32.31,19.26,20.77,5.34,9.17,1.09,2.45
1,Alabama,2016,62.62,65.05,75.34,51.08,53.09,33.36,19.66,21.01,5.73,9.19,1.22,1.91
1,Alabama,2017,61.59,67.26,74.1,48.72,53.3,31.79,20.63,19.52,5.31,8.7,1.32,1.83
1,Alabama,2018,60.07,64.53,71.39,54.13,60.01,33.67,25.27,20.26,6.4,8.93,1.04,2.06
1,Alabama,2019,64.41,70.52,76.28,50.14,59.46,34.62,23.32,18.86,5.39,9.83,0.89,1.66
2,Alaska,2009,75.35,81.08,79.23,74.68,64.55,51.4,33.64,42.21,18.19,37.67,3.35,10.19
2,Alaska,2010,64.08,86.16,81.92,59.37,66.23,54.56,36.28,49.15,23.75,31.25,3.63,10
2,Alaska,2011,74.95,86.65,77.49,68.65,69.79,41.71,44.01,45.13,23.53,34.06,4.95,10
2,Alaska,2012,78.21,80.69,79.18,67.88,76.56,53.62,49.04,44.03,29.48,33.75,4.98,8.78
2,Alaska,2013,78.02,81.47,78.13,71.71,68.49,45.74,54.55,36.8,24.74,30,6.19,6.24
2,Alaska,2014,67.98,81.66,81.8,65.53,79.87,46.16,63.27,44.65,34.36,29.62,7.02,7.58
2,Alaska,2015,80.73,85.72,79.42,61.83,75.92,44.53,58.11,46.45,32.48,31.32,5.84,6.81
2,Alaska,2016,62.66,73.3,80.06,61.87,73.69,49.51,51.73,42.4,30.7,31.92,3.81,8.18
2,Alaska,2017,71.78,74.44,85.76,64.17,76.42,55.34,53.55,42.15,29.79,33.19,6.73,8.03
2,Alaska,2018,66.62,79.31,79.64,66.81,70.37,44.95,57.26,37.39,29.87,32.89,3.75,7.66
2,Alaska,2019,64.81,77.35,74.61,60.74,80.99,48.17,56.47,42.91,25.91,29.15,4.42,6.56
4,Arizona,2009,71.22,66.42,86.72,62.79,67.27,51.87,34.98,44.58,12.89,30.7,2.16,10.99
4,Arizona,2010,67.98,64.29,87.92,63.84,66.49,50.82,36.05,44.01,14.37,31.1,2.61,9.78
4,Arizona,2011,64.64,65.18,87.44,66.8,67.98,51.73,34.39,42.42,12.73,24.26,2.47,8.24
4,Arizona,2012,66.37,63.81,87.18,61.36,72.35,46.77,36.81,34.02,11.66,21.01,2.9,6.53
4,Arizona,2013,62.94,60.13,87.71,59.88,70.03,45.54,32.36,32.19,14.64,18.28,2.66,5.19
4,Arizona,2014,63.41,63.37,86.63,60.42,72.38,45.14,36.64,32.16,14.37,15.34,2.4,3.87
4,Arizona,2015,61.02,58.08,87.38,62.43,72.55,45.69,38.49,33.26,12.77,17.86,2.4,4.46
4,Arizona,2016,66.08,62.4,85.82,63.65,74.41,45.71,41.64,31.52,14.04,18.09,2.71,3.72
4,Arizona,2017,61.74,59.19,86.73,60.98,79.59,47.9,43.59,34.21,15.47,17.93,2.23,4.56
4,Arizona,2018,66.79,64.49,84.93,62.05,78.79,44.46,47.33,32.27,17.9,19.68,2.78,4.11
4,Arizona,2019,65.38,67.27,85.59,64.72,76.95,44.26,52.39,33.51,20.32,18.39,3.68,4.08
5,Arkansas,2009,74.36,70.81,71,47.54,38.79,32.93,7.33,16.22,1.75,7.54,0.29,2.65
5,Arkansas,2010,70.29,69.55,73.45,49.62,41.59,30.51,10.94,17.52,2.66,8.75,2.38,2.78
5,Arkansas,2011,69.62,69.88,74.54,50.17,46.71,33.2,10.4,19.75,4.86,8.78,4.13,2.03
5,Arkansas,2012,69.31,68.01,73.65,45.77,44.58,33.22,11.3,15.68,3.2,7.01,0.52,2.12
5,Arkansas,2013,65.15,64.72,76.23,48.05,47.74,29.62,9.38,14.75,3.77,6.43,0.51,2.02
5,Arkansas,2014,68.55,70.9,75.47,49.94,49.69,32.74,14.92,15.48,3.56,6.43,0.5,1.86
5,Arkansas,2015,65.3,66.56,78.03,50.93,50.59,31.99,14.59,15.93,3.03,6.24,1.18,1.85
5,Arkansas,2016,68.85,66.9,74.98,45.98,50.24,27.93,9.07,14.21,2.94,6.05,0.21,1.34
5,Arkansas,2017,67.19,70.05,73.32,45.18,52.81,27.89,13.36,15.01,4.47,5.92,1.85,1.67
5,Arkansas,2018,67.08,70.83,78.06,51.4,55.65,31.61,19.07,18.72,3.38,6.71,0.2,1.71
5,Arkansas,2019,64.61,68.01,76.53,49.56,54.87,30.88,18.47,16.04,3.03,6.88,1.5,1.72
6,California,2009,74.96,71.83,85.61,69.17,82.47,59.38,57.4,57.66,31,53.04,7.2,28.79
6,California,2010,72.85,69.59,86.06,70.21,84.59,60.47,60.78,59.14,33.43,52.07,7.71,26.6
6,California,2011,70.15,67.78,86.37,71.73,83.83,60.04,61.64,57.17,34.91,49.84,8.39,24.06
6,California,2012,71.47,67.28,87.13,72.8,85.25,60.35,62.65,55.98,36.21,47.16,8.71,20.88
6,California,2013,69.99,67.17,86.5,72.88,85.46,59.02,63.84,53.16,37.17,44.06,9.57,17.3
6,California,2014,69.37,71.52,87.54,73.46,85.97,59.94,65.28,51.91,40.08,42.99,10.27,16.28
6,California,2015,69.16,70.16,86.71,74.49,86.14,60.48,67.22,52.05,41.11,43.09,10.41,15.76
6,California,2016,68.03,69.05,87,76.93,86.43,60.25,69.83,52.43,44.95,43.8,11.58,15.61
6,California,2017,66.34,69.22,86.5,77.06,87.69,62.1,72.22,53.67,48.58,44.57,13.19,15.93
6,California,2018,66.48,68.53,85.57,78.15,87.82,62.94,74.87,53.46,51.49,44.76,13.79,16.23
6,California,2019,65.01,69.72,84.89,79.15,87.52,62.19,76.6,52.04,54.07,44.66,14.96,16.18
8,Colorado,2009,71.24,72.87,88.08,64.58,66.87,53.51,34.28,50.19,12.57,33.59,3.28,9.85
8,Colorado,2010,69.34,71.99,86.24,70.43,70,56.93,35.72,48.59,14.51,33.72,3.26,10.63
8,Colorado,2011,72.4,74.03,85.13,69.96,72.39,55.24,38.61,50.67,16.85,32.06,3.13,8.38
8,Colorado,2012,76.7,72.25,86.53,68.1,72.48,52.92,40.88,46.59,15.61,29.62,2.98,7.33
8,Colorado,2013,73,71.93,86.64,68.06,75,53.72,42.57,44.45,21.05,26.28,3.07,5.9
8,Colorado,2014,73.37,75.33,85.28,70.37,78.73,55.01,47.66,42.07,21.27,27.23,3.19,5.85
8,Colorado,2015,67.98,75.21,86.01,70.35,78.07,52.59,55.91,42.58,26.79,26.67,3.89,5.59
8,Colorado,2016,71.34,72.94,85.93,72.2,82.69,54.05,57.79,43.32,30.76,26.42,4.21,5.17
8,Colorado,2017,66.84,71.9,84.22,70.57,83.43,50.87,63.43,43.1,34.23,28.66,6.98,6.51
8,Colorado,2018,68.78,75.71,83.58,71.23,84.02,52.8,65.63,44.16,37.25,30.71,6.21,6.53
8,Colorado,2019,72.93,73.82,81.7,72.55,85.54,55.12,71.32,46.45,40.09,32.76,6.89,8.03
9,Connecticut,2009,75.07,76.21,78.79,92,76.37,71.82,44.33,59.71,18.71,49.09,4.22,16.76
9,Connecticut,2010,70.26,74.92,80.11,92.03,76.24,73.98,49.25,58.2,18.53,47.99,3.59,16.66
9,Connecticut,2011,73.26,76.13,79.72,93.38,79.24,77.65,53.95,60.37,21.14,47.46,4.25,15.96
9,Connecticut,2012,69.28,72.88,79.94,93.77,79.53,77.28,47.59,60.33,19.9,47.85,4.76,13.57
9,Connecticut,2013,67.15,71.11,76.32,92.6,79.7,75.14,50.79,53.93,21.18,44.57,5.51,12.06
9,Connecticut,2014,66.76,72.13,80.09,92.88,79.86,77.21,53.55,58.87,22.9,43.23,6.26,11.19
9,Connecticut,2015,68.56,71.27,79.27,96.37,80.46,77.23,56.8,58.57,22.75,39.9,5,11.56
9,Connecticut,2016,69.71,76.16,76.03,92.24,79.11,73.72,58.09,56.67,24.78,39.9,5.27,9.61
9,Connecticut,2017,68.1,71.99,80.96,94.36,80.03,78.77,53.97,58.89,27.71,38.78,5.12,9.43
9,Connecticut,2018,69.14,77.97,79.8,95.7,80.52,82.28,65.34,60.14,29.67,40.96,4.09,9.39
9,Connecticut,2019,65.99,64.38,73.25,95.05,80.39,80.16,61.45,58.5,28.77,42.28,6.41,9.34
10,Delaware,2009,81.73,76.07,82.27,62.74,73.65,52.22,40.79,44.01,13.47,31.22,4.3,10.83
10,Delaware,2010,66.79,84.05,79.34,65.88,82.37,54.41,42.12,45.97,14.09,32.75,1.74,9.83
10,Delaware,2011,70.49,80.37,82.52,67.3,80.51,53.87,43.41,46.08,16.88,30.2,2.42,8.02
10,Delaware,2012,70.95,77.02,78.36,68.3,72.12,50.07,41.36,46.68,14.66,29.57,2.24,6.04
10,Delaware,2013,66.31,72.55,77.94,64.76,78.71,49.88,41.02,38.67,18,24.93,2.16,5.06
10,Delaware,2014,73.65,69.38,81.84,71.8,81.92,50.3,49.57,46.24,15.2,24.09,1.42,4.82
10,Delaware,2015,64.5,71.19,81.47,76.06,75.32,55.3,54.41,39.8,13.15,25.9,0.22,4.4
10,Delaware,2016,51.5,60.56,78.45,68.19,80.99,48.85,50.35,33.35,21.67,22.7,1.49,3.91
10,Delaware,2017,41.03,59.56,82.75,71.67,80.46,50.82,55.43,40.42,14.69,23.62,0.46,3.76
10,Delaware,2018,70.71,68.69,83.11,80.61,81.88,49.86,55.44,42.32,24.76,26.82,3.11,5.46
10,Delaware,2019,73.01,84.33,83.3,72.54,83.11,53.23,62.23,39.21,16.8,23.75,1.65,4.54
11,District of Columbia,2009,72.52,78.07,75.67,70.28,72.13,69.09,48.3,56.98,26.83,52.5,8.14,17.01
11,District of Columbia,2010,65.35,78.58,77.87,77.04,76.22,63.39,53.82,55.27,33.32,46.27,12.97,13.68
11,District of Columbia,2011,66.57,80.78,78.84,77.23,79.69,68.66,52.99,63.31,35.66,48.36,10.94,13.66
11,District of Columbia,2012,65.42,70.9,78.88,83.98,77.76,68.19,58.62,58,34.33,44.13,9.32,12.5
11,District of Columbia,2013,64.26,68.11,79.56,83.75,80.44,60.65,62.79,49.05,37.04,39.11,11.14,11.59
11,District of Columbia,2014,64.45,72.75,77.88,78.21,84,66.25,57.32,48.1,40.17,38.35,10.4,9.64
11,District of Columbia,2015,63.4,81.09,79.36,86.26,75.63,71.97,65.79,56.63,47.8,39.54,10.45,9.1
11,District of Columbia,2016,64.33,65.08,77.07,83.91,78.2,60.91,65.18,53.96,39.75,40.01,13.05,10.1
11,District of Columbia,2017,59.43,72.87,75.73,81.05,78.96,73.67,65.09,48.88,49.98,42.64,14.32,9.65
11,District of Columbia,2018,56.87,73.05,73.56,90.96,85.03,64.11,69.21,50.48,43.88,45.48,12.56,11.22
11,District of Columbia,2019,55.88,65.72,76.33,71.48,77.77,73.32,76.53,54.44,48.72,45.61,10.95,11.41
12,Florida,2009,71.76,73.94,86.59,72.46,78.83,53.85,43.51,46.01,18.52,34.19,5.02,14.94
12,Florida,2010,68.23,70.21,86.63,73.43,79.05,54.56,44.71,45.61,20.44,32.61,3.9,13.77
12,Florida,2011,69.74,69.92,87.37,70.55,79.11,54.16,46.27,42.79,20.85,30.16,5.18,11.5
12,Florida,2012,69.28,68.29,88.32,68.05,79.1,51.4,43.24,40.6,19.2,25.9,4.14,9.79
12,Florida,2013,65.71,66.9,88.31,68.17,81.01,48.05,46.41,34.28,19.52,22.74,4.15,7.76
12,Florida,2014,66.54,66.46,88.73,66.79,82.08,47.82,50.1,34.13,20.07,21.63,5.24,6.62
12,Florida,2015,65.19,64.09,88.03,66.69,81.94,47.2,51.8,34.51,23.22,20.36,5.78,6.42
12,Florida,2016,63.71,64.91,85.61,67.98,82.28,47.39,56.13,33.25,24.49,21.16,5.23,5.93
12,Florida,2017,62.9,65.26,86.9,67.46,83.49,46.99,59.87,33.81,27.74,20.36,5.92,5.78
12,Florida,2018,64.36,66.9,86.3,69.6,85.04,47.89,63.03,34.54,31.87,21.79,6.09,6.18
12,Florida,2019,65.96,69.95,86.78,67.23,85.12,49.24,66.5,35.97,34.29,22.46,6.82,6.08
13,Georgia,2009,66.59,71.87,81.29,61.2,64.02,51.18,26.65,39.52,6.73,24.46,1.24,8.26
13,Georgia,2010,67.54,71.88,82.33,66.68,66.33,53.68,28.01,43.1,9.47,26.77,2.16,7.9
13,Georgia,2011,66.07,68.74,83.02,64.94,68.44,53.02,31.87,40.65,9.98,23.82,2.51,7.32
13,Georgia,2012,64.15,67.8,81.67,63.56,68.01,50.43,31.66,36.24,7.88,20.88,1.79,5.51
13,Georgia,2013,63.82,70.43,82.95,62.38,70.12,48.38,33.57,32.98,9.6,17.65,1.84,4.89
13,Georgia,2014,66.79,70.51,81.5,64.24,70.99,47.34,36.49,35,11.08,17.78,1.19,4.09
13,Georgia,2015,66.28,67.48,82.92,63.29,74.05,46.99,33.25,31.92,10.43,17.04,1.75,4.04
13,Georgia,2016,66.95,70.73,83.36,60.18,71.52,41.48,39.65,31.01,11.96,16.67,2.35,3.72
13,Georgia,2017,62.34,65.19,82.57,60.85,72.22,45.63,42.81,30.26,15.97,15.2,2.37,3.49
13,Georgia,2018,64.77,67.33,82.75,63.71,74.57,44.8,49.52,30.73,18.13,17.53,2.16,3.99
13,Georgia,2019,63.3,65.51,83.85,62.03,73.98,44.54,50.38,33.88,19.74,18.6,3.04,3.47
15,Hawaii,2009,64.18,70.19,80.71,63.46,77.83,51.19,64.29,51.86,42.11,49.14,16.43,25.88
15,Hawaii,2010,65.84,62.79,78.17,67.7,78.07,56.36,64.19,51.65,45.09,49.17,12.77,23.72
15,Hawaii,2011,62.49,65.33,78.25,73.89,82.14,49.76,66,48.89,46.51,50.64,14.9,23.11
15,Hawaii,2012,60.19,67.12,83.03,79.35,76.9,55.59,68.68,49.82,39.81,48.1,16.61,22.29
15,Hawaii,2013,60.17,68.28,77.67,72.78,78.17,51.31,70.3,44.87,45.53,46.87,18.77,19.27
15,Hawaii,2014,63.05,59.44,76.64,69.93,84.16,49.26,68.58,46.9,52.06,37,18.67,18.27
15,Hawaii,2015,65.05,65.01,80.59,66.93,82.3,51.36,76.25,47.01,50.57,41.81,19.3,18.05
15,Hawaii,2016,62,67.86,74.84,66.42,83.92,53.54,74.87,47.55,50.78,39.48,20.26,16.11
15,Hawaii,2017,66.59,64.57,79.49,65.67,80.7,52.12,72.14,46.22,54.13,39.22,22.8,17.36
15,Hawaii,2018,58.15,65.62,75.56,65.01,78.66,52.23,69.05,47.48,55.41,43.88,19.15,16.37
15,Hawaii,2019,56.55,73.41,79.25,81.92,79.85,57.48,74.85,44.44,59.49,44.99,19.24,18.38
16,Idaho,2009,76.45,73.87,79.68,54.92,48.45,49.04,16.32,36.64,2.98,20.2,0.47,6.97
16,Idaho,2010,81.72,73.87,77.89,58.4,53.5,48.28,14.64,34.98,4.56,20.5,0.57,6.94
16,Idaho,2011,73.92,73.47,79.41,55.7,51.3,46.63,15.82,36,5.78,19.91,1.18,5.67
16,Idaho,2012,76.49,72.95,83.24,58.9,55.65,46.75,19.39,30.42,7.03,16.99,0.34,4.4
16,Idaho,2013,73.46,67.38,80.57,55.95,52.67,45.15,17.85,29.27,5.31,13.52,0.42,3.74
16,Idaho,2014,67.72,61.68,81.95,63.65,56.57,40.84,15.72,27.1,4.5,11.66,1.41,3.09
16,Idaho,2015,67.67,63.38,85.46,61.62,55.86,44.63,19.76,26.95,3.77,10.68,0.15,3.96
16,Idaho,2016,66.18,63.55,82.57,62.24,57.04,40.65,25.32,21.95,5.58,12.09,0.36,3.74
16,Idaho,2017,66.22,58.55,79.32,64.17,62.23,43.36,29.96,28.52,7.25,15.24,0.58,2.14
16,Idaho,2018,67.59,66.56,84.49,59.95,64.71,39.25,29.28,32.3,9.13,14.49,1.14,3.28
16,Idaho,2019,76.5,73.35,85.11,62.45,64.71,43.78,36.86,29.6,12.49,14.97,1.42,3.25
17,Illinois,2009,71.4,77.62,81.95,70.77,65.2,52.43,27.42,42.81,10.68,33.98,3.53,12.84
17,Illinois,2010,69.37,75.17,84.39,71.36,69.27,55.24,30.79,44.32,12.62,34.46,3.46,13.24
17,Illinois,2011,68.88,76.57,83.08,74.2,70.66,56.1,33.25,43.8,13.05,33.1,3.43,11.75
17,Illinois,2012,68.1,75.49,82.71,73.11,68.39,52.76,32.64,41.63,13.17,30.59,3.55,9.86
17,Illinois,2013,66.46,73.42,82.99,73.51,70.17,52.37,33.01,39.37,13.43,27.21,2.98,7.98
17,Illinois,2014,66.84,71.99,81.4,73.88,71,54.37,37.13,39.44,18.1,25.99,3.47,7.8
17,Illinois,2015,66.3,72.61,82.01,75.01,73.86,52.57,36.5,37.32,17.18,24.34,3.51,6.65
17,Illinois,2016,66.48,72.57,82.67,75.99,73.49,52.64,40.09,37.52,17.46,23.12,3.53,6.45
17,Illinois,2017,67.16,70.62,81.1,77.16,73.99,53.22,43.52,37.55,19.19,23.57,3.35,6.13
17,Illinois,2018,63.74,73.93,81.45,77.27,75.13,55.36,43.34,36.15,18.36,24.56,4.13,6.42
17,Illinois,2019,61.38,73.63,80.2,78.2,74.02,53.04,43.34,34.74,20.79,23.76,4.27,6.2
18,Indiana,2009,72.97,77.44,80.17,58.86,50.59,42.92,12.17,27.59,3.31,12.55,1.07,4.2
18,Indiana,2010,71.74,78.16,80.6,58.41,51.15,43.59,13.31,26.97,2.38,11.78,1.64,3.28
18,Indiana,2011,71.53,73.55,83.06,63.09,55.81,41.04,17.64,26.74,4.95,12.54,1.1,3.11
18,Indiana,2012,70.59,76.13,81.47,61.31,54.73,39.07,15.9,22.75,4.83,9.77,0.57,2.17
18,Indiana,2013,68.25,72.99,81.35,61.93,59.3,38.83,16.88,21.15,4.27,8.82,0.73,2.24
18,Indiana,2014,68.62,74.48,83.67,63.9,61,41.53,19.57,22.4,5.16,8.68,1.39,1.8
18,Indiana,2015,69.11,69.83,81.47,61.15,60.48,40.06,18.26,22.18,5.36,8.28,1.19,1.57
18,Indiana,2016,64.84,74.19,82.1,58.25,61.76,36.21,20.03,21.15,5,7,0.5,1.69
18,Indiana,2017,63.24,70.77,80.48,62.81,64.25,37.72,21.97,20.54,5.15,7.36,1.15,1.48
18,Indiana,2018,67.47,74.93,81.97,65.12,67.57,42.4,25.52,20.93,6.71,8.35,1.15,1.77
18,Indiana,2019,63.37,73.39,83.71,63.49,65.61,39.9,27.21,22.31,7.07,8.47,0.82,1.72
19,Iowa,2009,76.39,81.74,73.86,56.06,37.62,35.54,9.33,22.89,2.04,10.38,0.49,2.95
19,Iowa,2010,77.71,75.02,75.95,59.15,43.4,37.05,11.67,22.99,4.12,10.92,1.45,3.37
19,Iowa,2011,75.03,79.17,77.96,58.29,45.25,37.44,11.81,23.93,3.67,10.83,0.91,2.69
19,Iowa,2012,78.35,76.65,77.79,57.2,46.39,35.05,12,21.36,3.35,11.5,0.99,2.39
19,Iowa,2013,73.99,76.27,75.55,60.89,49.37,36.85,12.93,22.82,3.88,8.09,0.79,2.06
19,Iowa,2014,73.49,74.52,78.35,63.32,49.84,36.7,17.38,22.39,3.85,10,1.31,1.94
19,Iowa,2015,74.66,77.55,76.99,65.74,51.54,35.37,17.35,21.38,5.49,9.19,1.59,2.23
19,Iowa,2016,72.34,78.81,77.79,63.78,57.03,36.37,17.37,21.08,6.34,10.37,1.46,2.33
19,Iowa,2017,69.34,70.56,81.37,64.83,57.97,36.96,17.19,21.72,3.49,10.01,0.99,2.39
19,Iowa,2018,71.57,74.67,81.58,67.54,58.85,40.06,20.43,24.41,4.64,9.77,1.06,2.12
19,Iowa,2019,72.98,76.47,77.39,70.33,58.89,39.61,21.84,24.14,7.29,10.33,2.6,2.34
20,Kansas,2009,82.92,83.36,76.07,59.03,45.12,36.18,13.89,25.18,4.08,14.03,0.99,3.86
20,Kansas,2010,72.54,75.03,77.7,60.77,46.4,40.41,16.04,25.94,4.42,15.31,0.59,3.85
20,Kansas,2011,75.49,73.9,78.35,61.31,52.69,39.94,17.67,28.76,5.94,15.25,0.86,4.33
20,Kansas,2012,74.05,77.4,79.92,59.73,49.63,39.19,19.4,24.95,4.99,14.35,1.81,3.35
20,Kansas,2013,72.71,73.69,78.55,58.81,53.36,34.96,20.95,22.94,6.81,10.5,1.53,3.2
20,Kansas,2014,71.06,73.01,77.94,67.34,58.03,39.98,23.27,24.85,6.78,12.65,1.51,3.43
20,Kansas,2015,64.22,74.06,76.8,64.73,57.19,38.69,23.09,24.26,6.43,11.62,1.51,2.53
20,Kansas,2016,70.48,67.53,81.18,61.56,59.75,39.2,23.44,21.73,8.04,12.6,0.63,2.3
20,Kansas,2017,71.21,69.12,79.14,64.42,63.46,40.27,25.03,22.58,8.38,11.9,2.4,2.74
20,Kansas,2018,72.11,71.51,84.01,68.14,63.41,44.1,28.13,24.55,9.61,14.43,1.38,2.77
20,Kansas,2019,72.56,73.55,79.47,62.77,66.98,36.57,27.13,22.55,8.58,13.69,1.44,3.03
21,Kentucky,2009,68.27,68.02,71.18,47.63,37.39,35.88,12.13,21.35,2.56,10.16,1.04,3.81
21,Kentucky,2010,68.52,72.05,73.82,49.9,41.85,37.06,11.14,23.36,2.81,12.09,1.74,3.31
21,Kentucky,2011,68.35,68.51,75.38,50.32,47.21,34.41,11.9,23.52,1.89,11.42,1.37,3.04
21,Kentucky,2012,67.14,69.11,72.64,48.25,47.41,32.52,11.44,21.17,3.35,10.38,0.57,2.72
21,Kentucky,2013,61.94,70.53,72.8,49.19,45.2,32.09,13.98,21.13,3.43,8.91,0.9,2.63
21,Kentucky,2014,66,69.28,76.33,53.56,50.78,35.27,15.15,21.51,2.51,9.78,1.34,2.16
21,Kentucky,2015,65.45,67.91,75.12,51.23,50.89,32.35,16.89,20.37,4.63,7.91,1.3,1.92
21,Kentucky,2016,65.39,64.02,72.9,51.01,50.23,33.26,18.97,19.73,3.79,8.02,0.27,1.79
21,Kentucky,2017,62.65,65.28,72.17,50.34,50.94,32.07,19.51,19.74,3.66,8.1,0.59,1.97
21,Kentucky,2018,62.61,66.75,75.16,53.42,59.67,35.18,19.89,20.92,5.56,8.51,0.73,2.48
21,Kentucky,2019,62.54,68.87,75.63,49.6,58.42,30.78,21.74,20.86,3.69,9.53,0.62,2.33
22,Louisiana,2009,66.19,69.04,74.79,43.67,52.16,32.31,17.56,23.9,5.39,10.98,1.67,4.09
22,Louisiana,2010,66.8,65.24,78.92,50.13,57.91,33.99,21.77,26.04,6.7,12.73,1.1,4.06
22,Louisiana,2011,69.04,64.81,76.65,47.36,59.13,33.48,22.44,24.79,5.18,13.5,2.23,3.56
22,Louisiana,2012,68.7,67.17,75.75,44.73,56.73,33.15,24.19,23.25,5.38,12.23,1.24,3.01
22,Louisiana,2013,68,65.96,76.97,43.32,59.51,31.86,23.89,25.13,6.59,11.07,0.76,2.81
22,Louisiana,2014,64.48,65.95,77.31,48.11,63.89,32.69,24.74,24.1,7.16,12.47,0.94,2.94
22,Louisiana,2015,63.25,65.47,78.73,46.69,62.01,31.76,27.67,22.57,7.93,12.11,1.45,2.5
22,Louisiana,2016,65.74,60.89,79.55,44.85,64.57,30.19,29.42,22.17,7.97,13.4,1.6,2.85
22,Louisiana,2017,65.04,63.53,79.56,45.67,65.99,31.46,28.43,19.85,8.83,12.12,1.69,2.48
22,Louisiana,2018,61.62,63.58,78.6,47.95,69.3,33.47,35.6,22.21,11.41,12.59,1.7,3
22,Louisiana,2019,60.82,63.7,75.28,46.34,68.93,32.33,30.16,23.61,9.29,11.96,1.01,2.53
23,Maine,2009,72.09,83.97,72.81,67.97,53.1,46.09,24.78,36.06,5.37,24.89,2.65,6.94
23,Maine,2010,69.1,79.75,69.11,64.47,56,45.56,20.74,33.24,5.39,22.68,0.24,5.61
23,Maine,2011,71.78,77.75,74.84,70.48,61.27,47.75,26.74,35.08,11.14,20.37,1.05,8
23,Maine,2012,70.82,73.33,70.91,69.89,59.34,48.17,28.58,36.84,12.3,19.32,0,5.08
23,Maine,2013,72.36,69.08,72.41,72.2,61.18,45.81,27.34,34.49,9.25,16.21,2.8,5.37
23,Maine,2014,70.1,80.01,74.05,70.95,64.14,46.17,22.12,29.9,8.15,21.36,1.84,5.07
23,Maine,2015,68.19,76.85,67.93,70.58,63.41,44.7,25.85,33.21,6.71,19.49,1.6,4.2
23,Maine,2016,67.34,80.05,69.66,69.11,60.47,40.34,29.04,32.26,11.19,17.19,1.7,3.92
23,Maine,2017,61.83,69.42,67.76,69.66,60.57,44.16,27.27,30.64,9.82,14.62,2.31,4.02
23,Maine,2018,70.22,73.88,70.45,72.33,66.03,45.2,34.97,30.4,8.81,17.6,1.46,3.87
23,Maine,2019,68.71,75.3,62.41,70.4,62.85,47.38,30.57,32.43,15.69,16.52,0.97,4.11
24,Maryland,2009,70.07,77.29,82.42,78.85,79.15,60.69,55.85,51.53,25.13,45.67,6.44,17.29
24,Maryland,2010,67.63,75.33,81.38,82.1,79.02,59.89,58.72,54.29,26.95,44.69,6.06,16.82
24,Maryland,2011,67.35,77.41,83.21,80.61,82.33,63.13,62.65,52.3,31.04,44.54,6.59,14.87
24,Maryland,2012,66.55,74.54,80.56,79.37,81.77,59.61,58.66,51.2,31.52,39.92,5.83,12.36
24,Maryland,2013,69.79,76.34,80.82,81.32,81.74,58.69,65.48,49.7,33.12,38.9,6.21,10.45
24,Maryland,2014,71.61,74.25,78.88,82.63,85.27,59.08,64.38,50.72,34.85,38.34,5.9,9.97
24,Maryland,2015,65.65,69.08,79.33,83.48,80.21,62.01,70.26,50.52,35.85,37.92,6.51,9.11
24,Maryland,2016,68.37,77.38,80.8,82.81,82.31,60.07,68.18,49,33.98,38.06,6.96,8.96
24,Maryland,2017,68.8,73.93,80.02,86.4,83.16,59.75,70.92,47.94,37.85,36,6.68,7.8
24,Maryland,2018,66.24,75.93,77.24,82.68,83.4,61.34,71.7,49.25,42.06,36.84,7.49,8.44
24,Maryland,2019,68.86,73.74,78.82,84.64,84.69,56.82,72.45,48.32,43.9,37.07,6.9,8.82
25,Massachusetts,2009,72.41,78.65,71.66,85.94,69.83,65.33,46.98,54.2,18.8,47.43,4.24,16.5
25,Massachusetts,2010,67.79,76.85,72.58,87.73,74.16,64.38,48.14,53.36,23.65,45.96,4.66,15.25
25,Massachusetts,2011,68.31,75.64,73.18,90.06,74.05,65.93,53.2,54.35,27.02,45.17,4.93,15.35
25,Massachusetts,2012,72.13,76.05,72.33,87.08,72.89,67.19,50.42,53.87,22.07,43.65,4.04,12.08
25,Massachusetts,2013,72,74.23,75.39,84.85,74.67,65.23,53.39,50.89,24.09,41.45,5.77,11.45
25,Massachusetts,2014,72.1,73.89,73.05,88.72,74.55,67.23,57.17,50.16,28.38,41.94,6.63,10.71
25,Massachusetts,2015,67.91,75.56,74.48,90.68,75.89,70.14,58.6,53.17,32.55,41.47,7.39,10.67
25,Massachusetts,2016,67.55,71.78,75.74,91.86,74.3,68.56,59.78,50.86,33.64,38.8,7.15,10.1
25,Massachusetts,2017,68.1,71.24,72.58,91.41,73.7,69.8,60.55,52.14,34.04,41.96,8.45,10.1
25,Massachusetts,2018,66.93,71.16,72.64,92.88,75.36,73.57,63.5,51.92,40.41,43.31,9.88,10.42
25,Massachusetts,2019,69.93,76.76,71.41,92.67,76.39,73.17,66.76,52.82,42.48,39.65,9.86,10.86
26,Michigan,2009,76.58,78.2,82.58,74.11,56.88,48.64,19.62,36.54,6.92,21.77,1.87,7.19
26,Michigan,2010,73.37,76.55,82,72.1,59.51,49.08,20.67,35.51,7.69,20.72,1.94,6.66
26,Michigan,2011,72.55,77.17,83.32,72.58,60.96,47.74,22.88,33.65,7.13,18.48,1.55,6.09
26,Michigan,2012,72.39,77.24,83.76,71.19,60.28,44.01,23.21,29.67,6.92,15.64,1.67,4.38
26,Michigan,2013,71.67,77.94,81.28,70.27,62.83,42.35,23.2,26.24,8.62,13.01,2.21,3.22
26,Michigan,2014,71.48,76.47,82.73,71.43,63.35,43.46,26.34,25.95,7.25,12.91,2.13,3.12
26,Michigan,2015,69.7,76.64,82.31,71.08,63.55,43,26.29,24.74,8.2,11.97,1.48,2.78
26,Michigan,2016,69.85,74.87,82.05,70.74,65.6,42.36,26.32,23.1,7.52,11.16,2.2,2.7
26,Michigan,2017,68.33,71.42,81.5,70.06,67.28,40.72,27.68,24.28,8.97,11.63,2.27,2.86
26,Michigan,2018,70.25,74.45,81.11,72.29,69.69,43.34,29.07,25.61,9.13,12.29,1.85,2.56
26,Michigan,2019,69.33,75.76,80.94,72.4,71.68,42.72,32.8,25.32,10.14,11.97,2.15,2.67
27,Minnesota,2009,76.98,79.02,77.74,66.95,58.78,48.32,22.15,41.83,7.41,29.07,1.6,8.9
27,Minnesota,2010,76.88,78.3,76.96,67.33,59.71,50.88,24.85,41.9,9.63,27.31,2.84,8.49
27,Minnesota,2011,74.57,79.75,77.82,70.42,61.78,50.36,28.87,41.23,10.23,26.89,3.1,7.54
27,Minnesota,2012,74.46,78.27,76.23,67.86,63.87,46.38,30.81,36.63,8.1,21.98,1.74,5.75
27,Minnesota,2013,75.57,77.32,77.76,67.58,65.96,46.21,29.62,33.07,11.14,21.15,1.98,4.79
27,Minnesota,2014,76.9,74.72,78.14,71.46,65.75,47.99,33.64,34.89,14.44,19.54,1.43,4.6
27,Minnesota,2015,75.84,77.03,75.76,71.46,67.87,48.78,33.16,32.55,14.07,18.4,2.35,4.23
27,Minnesota,2016,74.36,76.44,74.85,69.92,69.97,46.95,35,33.25,15.92,18.54,1.56,3.85
27,Minnesota,2017,75.06,74.06,76.22,71.79,71.27,45.59,39.63,34.06,16.59,19.75,2.5,3.96
27,Minnesota,2018,72.42,75.69,74.14,75.38,73.5,49.9,41.2,34.35,18.05,18.51,2.74,3.93
27,Minnesota,2019,75.59,77.81,76.31,74.25,72.92,49.6,42.72,32.61,17.89,21.22,3.54,3.81
28,Mississippi,2009,63.19,71.68,69.39,53.74,45.48,33.1,16.15,19.6,2.33,12.97,0.24,3.36
28,Mississippi,2010,66.68,70.05,75.63,54.51,47.98,37.17,20.37,23.07,2.06,10.23,0.09,3.99
28,Mississippi,2011,64.45,70.9,72.34,53.17,51.96,35.26,19.34,20.95,3.58,11.35,2.78,3.07
28,Mississippi,2012,63.95,71.95,72.44,49.13,49.43,33.1,18.83,22.05,1.5,8.82,0.31,2.79
28,Mississippi,2013,66.48,68.76,69.2,49.35,55.76,34.29,11.92,18.39,2.57,7.56,0.75,1.95
28,Mississippi,2014,66.36,67.33,71.53,53.1,53.37,34.86,19.3,21.86,5.54,8.41,0.77,2.34
28,Mississippi,2015,62.54,66.69,71.25,54,54.89,32.64,20.77,20.3,5.08,8,1.49,2.08
28,Mississippi,2016,59.18,67.42,74.82,48.48,54.05,30.05,18.98,17.14,4.05,7.7,1.55,2.01
28,Mississippi,2017,57.63,67.08,70.48,44.14,53.21,27.6,22.69,17.17,2.44,7.83,0.05,2.11
28,Mississippi,2018,60.8,66.5,73.52,48.95,60.09,29.22,22.38,17.15,5.33,8.63,0.81,1.87
28,Mississippi,2019,59.98,63.46,69.99,47.95,55.01,30.44,20.81,19.47,6.16,9.78,1.14,1.97
29,Missouri,2009,72.91,76.93,75.31,56.84,47.14,38.74,12.99,28.54,3.13,15.14,1.3,4.62
29,Missouri,2010,73.83,75.92,78.8,59.89,50.47,41.91,16.14,29.42,3.28,13.94,1.21,4.41
29,Missouri,2011,73.38,75.74,77.34,61.13,51.17,41.53,18.3,29.75,6.66,15.77,1.37,4.18
29,Missouri,2012,74.62,75.24,79.09,57.99,53.61,40.18,18.25,26.18,5.72,13.74,1.33,3.64
29,Missouri,2013,74,73.8,80.16,61.72,56.38,38.64,18.97,24.06,6.38,12.08,0.6,2.99
29,Missouri,2014,69.03,74.28,78.33,60.17,59.38,39.88,20.08,25.07,5.1,13.27,0.76,2.69
29,Missouri,2015,67.64,70.07,79.62,60.22,57.38,38.61,20.6,25.57,4.97,11.18,1.72,2.69
29,Missouri,2016,72.25,70.07,78.71,57.81,54.8,36.46,21.93,23.91,5.91,11.54,0.41,2.52
29,Missouri,2017,71.01,70.54,77.67,60.75,60.04,38.28,25.52,22.79,7.33,10.6,1.43,2.42
29,Missouri,2018,72.23,70.85,79.12,61.49,63.55,39.95,27.8,23.2,7.87,10.54,0.82,2.49
29,Missouri,2019,67.49,73.84,79.62,62.14,65.25,36.88,26.75,24.66,7.61,11.1,1.62,2.47
30,Montana,2009,67.1,77.86,65.15,52.87,38.93,38,13.27,30.58,6.03,16.39,1.29,6.77
30,Montana,2010,70.08,72.13,71.43,56.73,42.34,38.98,13.3,30.36,4.61,19.77,0.83,5.27
30,Montana,2011,73.09,80.24,75.06,59.38,46.67,40.28,15.53,29.77,6,21.25,2.36,5.6
30,Montana,2012,73.7,75.33,73.06,53.99,48.22,38.65,20.61,30.55,8.09,15.34,0.8,4.23
30,Montana,2013,68.96,72.77,78.87,52.38,46.67,39.24,20.23,26.27,5.33,15.42,4.2,3.26
30,Montana,2014,68.72,75.67,77.98,60.11,49.11,37.52,20.87,30.35,9.04,13.24,0.08,3.6
30,Montana,2015,67.51,71.23,73.41,59.33,53.93,38.39,27.18,28.4,7.13,17.1,1.07,3.08
30,Montana,2016,69.47,71.68,74.92,59.1,49.54,36.18,22.77,29.57,9.52,18.93,0.85,3.42
30,Montana,2017,70.65,73.2,76.39,52.5,56.75,36.39,27.82,29.23,5.46,17.41,0.91,4.16
30,Montana,2018,72.04,82.15,76.22,70.02,58.04,41.41,27.45,30.99,8.51,18,3.09,3.91
30,Montana,2019,72.28,75.85,86.63,65.3,64.98,38.78,22.11,29.53,10.35,21.89,3.26,4.39
31,Nebraska,2009,75.87,75.35,75.99,60.67,37.23,38.41,10.52,24.72,2.43,13.97,0.38,3.77
31,Nebraska,2010,69.48,78.74,78.61,56.48,49.42,41.55,12.05,27.67,4.88,13.05,1.28,4.08
31,Nebraska,2011,76.32,75.57,77.39,62.95,45.6,39.29,15.31,29.17,4.09,13.31,1.7,3.76
31,Nebraska,2012,71.65,73.12,79.03,59.8,48.7,39.47,13.85,29.5,3.32,13.34,1.48,2.88
31,Nebraska,2013,76.82,73.18,82.45,63.99,52.52,42.14,17.35,24.9,4.52,12.27,1.62,2.98
31,Nebraska,2014,69.94,75.13,78.39,66.21,53.32,40.55,19.1,26.9,4.99,12.85,0.72,3.12
31,Nebraska,2015,70.21,70.8,78.81,65.19,56.67,41.8,19.56,25.25,6.62,10.66,0.43,2.32
31,Nebraska,2016,70.48,74.37,78.45,66.53,60.42,39.14,22.53,23.98,8.4,11.27,1.2,2.49
31,Nebraska,2017,70.19,76.5,74.25,65.47,60.99,44.08,26.43,27.68,5.72,13.4,1.24,2.49
31,Nebraska,2018,71.09,73.08,81.49,72.61,61.13,39.93,23.49,27.28,6.88,12.97,0.64,3.18
31,Nebraska,2019,71.77,70.06,80.17,70.9,69.41,42.84,26.4,27.9,7.77,14.54,0.9,2.82
32,Nevada,2009,77.18,74.47,87.75,77,82.12,62.27,47.37,58.11,15.1,45.02,2.66,17.83
32,Nevada,2010,73.4,66.19,87.91,74.63,79.57,62.99,44.43,55.75,15.93,40.14,3.12,14.82
32,Nevada,2011,70.43,70.72,89.6,73.25,75.53,60,41.44,54.17,16.36,31.31,5.48,11.69
32,Nevada,2012,74.46,72.04,92.31,69.92,75.9,58.64,40.06,45.7,13.65,29.38,2.01,9.2
32,Nevada,2013,70.7,68,90.92,72.81,76.8,56.22,41.49,42.49,15.51,24.76,1.36,7.45
32,Nevada,2014,69.18,69.71,91.39,67.53,77.55,51.25,43.29,38.17,14.53,22.23,2.46,5.37
32,Nevada,2015,68.93,71.81,91.73,66.82,77.59,49.87,41.32,40.34,15.99,20.64,1.37,4.89
32,Nevada,2016,67.99,63.49,90.86,67.53,79.52,54.53,48.93,42.35,15.78,24.02,1.94,5.14
32,Nevada,2017,68.27,66.98,92.48,67.28,82.11,53.93,51.27,41.83,16.86,24.46,1.79,5.13
32,Nevada,2018,64.72,66.06,90.53,73.24,85.65,52.83,58.59,42.47,20.57,25.63,2.91,5.32
32,Nevada,2019,63.17,66.72,91.6,69.89,86.57,51.69,61.65,43.87,31.18,27.35,3.48,5.07
33,New Hampshire,2009,62.69,79.8,72.39,85,73.07,64.47,41.7,53.48,14.21,41.89,3.88,14.49
33,New Hampshire,2010,64.59,73.47,78.39,83.91,76.49,65.47,42.25,49.25,17.96,44.34,2.38,13.61
33,New Hampshire,2011,69.8,79.77,71.85,88.07,76.05,66.63,42.01,50.49,11.51,43.84,2.08,14.56
33,New Hampshire,2012,70.58,79.96,75.31,84.53,74.32,66.78,43.27,51.5,15.84,40.69,2.89,12.37
33,New Hampshire,2013,72.79,75.49,76.54,85.07,80.12,67.19,44.31,52.6,13.26,35.41,1.6,9.34
33,New Hampshire,2014,72.83,83.22,81.59,82.75,76.15,66.44,47.21,51.29,19.63,33.92,3,9.41
33,New Hampshire,2015,74.97,78.76,74.78,89.41,79.68,70.22,40.82,46.11,19.38,32.44,2.26,8.47
33,New Hampshire,2016,72.06,72.68,77.18,84.77,73.89,65.45,47.93,42.37,14.47,33.61,1.73,6.9
33,New Hampshire,2017,74.58,71.75,73.34,90.57,81.48,68.48,55.25,48.66,14.97,32.36,2.46,6.15
33,New Hampshire,2018,70.26,76.77,73.97,88.04,76.31,70.12,55.5,49.53,24.63,34.91,2.93,7.44
33,New Hampshire,2019,69.96,63.99,72.51,90.2,78.35,72.06,57.71,53.34,22.27,41.8,5.8,8.06
34,New Jersey,2009,71.57,81.4,82.11,93.52,82.87,79.66,56.24,63.38,23.89,53.81,3.85,23.61
34,New Jersey,2010,71.17,75.54,83.44,93.41,84.16,82.14,59.32,64.39,26.04,53.83,4.42,22.37
34,New Jersey,2011,67.34,72.08,82.85,94.08,84.3,81.96,60.55,65.97,28.72,54.34,4.58,22.85
34,New Jersey,2012,70.84,75.02,83.24,92.67,85.44,81.36,61.06,63.18,26.99,53.6,5.06,19.62
34,New Jersey,2013,71.17,74.71,83.5,92.53,86.62,79.76,63.19,61.27,27.89,50.1,4.95,16.94
34,New Jersey,2014,69.75,74.05,83.24,93.06,85.03,80.15,64.81,64.07,31.52,48.88,5.67,16.13
34,New Jersey,2015,66.94,72.62,81.56,94.67,86.17,82.08,65.95,65.59,31.69,49.55,6.57,15.82
34,New Jersey,2016,67.57,72.9,80.69,92.86,85.66,82.3,68.23,63.46,32.34,47.11,6.71,14.37
34,New Jersey,2017,67.51,73.64,82.13,93.91,86.56,82,73.05,65.05,35.69,47.77,6.44,13.03
34,New Jersey,2018,68.28,73.24,82.54,93.13,86.53,82.34,71.69,62.62,38.05,46.83,6.89,13.22
34,New Jersey,2019,65.83,76.69,79.31,91.59,85.56,82.81,73.77,65.47,39.39,47.27,6.95,12.37
35,New Mexico,2009,64.29,62.46,77.52,50.72,48.63,40.6,18.5,29.99,8.85,15.89,1.03,5.78
35,New Mexico,2010,64.08,67.22,76.73,52.57,49.95,41.3,17.45,31.98,6.09,17.21,0.28,5.6
35,New Mexico,2011,68.75,62.3,81.21,51.01,57.56,38.45,22.33,31.74,9.51,16.68,1.72,4.94
35,New Mexico,2012,69.61,64.26,79.97,53.53,56.77,39.48,25.85,28.92,8.62,15.23,1.75,3.75
35,New Mexico,2013,67.75,61.77,82.61,50.42,57.72,35.6,27.45,27.1,6.17,14.3,1.51,3.32
35,New Mexico,2014,64.87,60.24,81.72,53.28,61.42,37.97,29.56,28.59,7.98,14.38,1.11,3.84
35,New Mexico,2015,67.2,60,78.64,53.58,63.8,39.45,27.05,27.37,6.47,13.05,0.85,2.8
35,New Mexico,2016,62.7,64.01,77.58,53.93,59.54,35.73,25.15,25.61,8.82,13.61,1.14,2.19
35,New Mexico,2017,61.97,57.14,82.8,54.38,60.07,34.2,30.52,27.4,9.21,13.5,1.28,2.86
35,New Mexico,2018,62.96,53.87,75.37,51.94,63.56,36.56,32.98,26.28,7.7,11.96,1.22,2.91
35,New Mexico,2019,64.61,61.23,76.07,52.09,65.79,35.81,35.61,27.05,10.25,13.86,0.97,2.09
36,New York,2009,75.97,78.03,81.68,79.74,69.79,60.44,43.64,45.02,22.5,34.55,6.74,18.6
36,New York,2010,73.34,72.99,83.19,78.25,72.35,59.72,48.41,45.99,25.83,36.27,7.02,18.25
36,New York,2011,74.06,74.15,82.63,80.83,74.48,60.55,51.84,46.54,27.55,35.69,7.55,18.2
36,New York,2012,73.24,71.6,81.82,79.06,74.09,61.58,52.37,45.45,28.76,34.14,8.31,17.15
36,New York,2013,73.86,71.98,82.82,79.37,74.77,59.23,54.73,43.44,29.74,33.16,8.73,15.43
36,New York,2014,73.86,75.43,82.87,79.46,76.95,61.77,56.61,44.42,32.42,33.33,9.75,14.77
36,New York,2015,70.53,71.78,83,81.25,75.98,60.65,55.47,45.2,34.91,32.68,9.47,14.16
36,New York,2016,73.06,69.88,81.48,77.71,76.62,60.33,57.81,42.19,35.44,31.26,9.99,13.29
36,New York,2017,73.44,69.68,81.6,79.45,77.71,59.49,59.56,43.15,37.71,31.38,9.19,12.7
36,New York,2018,71.87,69.94,80.91,78.69,78.04,62.4,59.88,44.8,39.93,31.63,10.73,12.62
36,New York,2019,72.5,70.99,80.01,79.65,77.68,61.88,59.85,43.33,40.73,31.3,10.8,11.99
37,North Carolina,2009,69.7,74.46,78.49,56.7,51.35,43.71,18.9,33.99,3.71,16.89,1.62,6.1
37,North Carolina,2010,72.14,75.51,80.27,59.13,55.71,46.61,21.23,35.08,6.79,19.18,1.69,5.96
37,North Carolina,2011,69.26,69.97,81.27,60.9,58.12,46.81,23.01,36.19,8.74,18.94,1.27,5.39
37,North Carolina,2012,69.29,71.92,81.04,56.98,57.61,43.54,21.4,31.24,5.98,14.88,2.02,4.75
37,North Carolina,2013,66.44,74.32,80.63,56.7,60.59,42.26,24.46,28.96,8.48,14.91,1.47,3.89
37,North Carolina,2014,71.01,70.76,80.74,58.97,62.82,42.52,26.98,29.4,8.95,15.06,1.86,3.8
37,North Carolina,2015,67.89,67.92,80.41,61.47,64.77,42.8,27.43,27.89,8.36,14.14,2.03,3.43
37,North Carolina,2016,63.64,68.21,81.76,57.31,63.25,42.74,28.23,26.98,9.62,12.38,1.53,3.31
37,North Carolina,2017,64.04,69.6,78.81,55.95,66.45,40.4,32.2,25.84,8.82,12.55,1.29,3.28
37,North Carolina,2018,67.34,72.41,79.53,61.21,70.01,41.6,36.66,27.33,12.51,14.07,2.41,3.27
37,North Carolina,2019,68.9,71.61,79.12,57.59,70.01,41.57,36.61,27.98,13.06,13.69,1.52,3.28
38,North Dakota,2009,79.08,77.12,71.03,46.49,27.1,33.35,7.34,20.08,4.05,9.47,0,2.66
38,North Dakota,2010,76.51,73.48,75.5,43.39,27.47,32.35,10.89,16.02,2.06,8.99,0.18,1.74
38,North Dakota,2011,79.85,76.5,67.64,51.82,42.23,29.8,10.11,20.66,7.89,11.79,1.32,1.58
38,North Dakota,2012,63.63,73.98,71.24,48.49,38.5,28.83,13.62,19.49,4.66,7.73,0.59,1.21
38,North Dakota,2013,67.45,74.69,75.61,49.59,53.31,31.01,16.55,21.32,7.32,9.84,2.7,1.7
38,North Dakota,2014,68.8,73.14,79.33,51.03,50.31,29.34,16.92,21.08,5.58,10.04,1.11,1.73
38,North Dakota,2015,74.23,71.85,79.25,57.06,52.06,28.29,23.16,21.9,9.78,8.08,2.83,1.47
38,North Dakota,2016,69.64,67.63,73.15,51.09,63.36,29.65,19.99,22.4,8.26,11.79,1.65,2.03
38,North Dakota,2017,74.9,71.79,79.56,62.38,52.52,29.4,21.31,17.73,12.99,12.43,0.52,2.28
38,North Dakota,2018,66.59,76.65,78.16,64.17,59.95,28.56,22.66,18.94,7.99,16.9,3.33,2.59
38,North Dakota,2019,73.3,70.6,79.08,62.49,52.75,32.72,27.19,23.35,8.7,10.81,0.24,2.4
39,Ohio,2009,71.3,78.34,79.89,65.07,49.19,45.97,15.27,33.23,3.69,17.62,1.96,5.05
39,Ohio,2010,73.22,78.42,80.71,65.71,53.57,45.19,15.41,33.84,4.85,18.39,1.79,5.17
39,Ohio,2011,70.34,76.08,80.27,66.19,55.38,45.52,18.08,33.07,5.34,17.85,1.21,4.9
39,Ohio,2012,69.66,77.06,80.74,63.44,54.59,42.75,16.41,28.11,4.2,14.26,0.92,3.63
39,Ohio,2013,69.78,73.42,81.49,65.16,54.91,41.72,18.39,26.78,3.82,13.24,0.99,3.14
39,Ohio,2014,69.1,75.87,81.56,66.56,58.04,42.05,18.03,25.6,4.9,12.3,0.73,2.99
39,Ohio,2015,69.31,73,80.82,66.26,57.98,42.35,20.09,25.44,5.03,12.4,1.46,3.04
39,Ohio,2016,66.45,75.99,81.7,66.24,60.16,40.27,20.65,25.26,5.05,10.86,1,2.31
39,Ohio,2017,67.68,73.07,80.97,67.31,60.29,39.9,20.34,22.53,4.86,9.97,1.26,2.51
39,Ohio,2018,66.99,74.82,79.53,68.42,62.64,42.63,23.4,25.4,6.49,12.25,1.35,2.49
39,Ohio,2019,68.22,73.82,80.29,64.72,63.06,41.61,24.53,23.43,7,11.53,1.16,2.33
40,Oklahoma,2009,72.76,69.05,75,46.66,41.18,33.34,9.83,19.86,3.81,9.4,0.64,2.47
40,Oklahoma,2010,66.66,71.37,78.01,53.67,44.33,35.99,13.35,22.78,3.01,11.48,0.82,3.76
40,Oklahoma,2011,69.41,69.13,77.01,53.16,48.3,35.02,15.76,24.42,4.75,12.81,0.45,3.07
40,Oklahoma,2012,68.75,70.8,75.89,50.5,52.16,34.27,16.62,21.89,4.93,9.77,1.28,2.81
40,Oklahoma,2013,67.93,66.12,76.31,49.87,50.57,32.64,17.47,19.58,5.48,9.32,0.87,2.41
40,Oklahoma,2014,66.05,68.2,76.86,52.75,53.88,34.6,18.12,21.92,5.42,9.52,0.75,2.36
40,Oklahoma,2015,65.96,70.22,77.6,54.11,55.73,33.99,19.8,21.21,4.35,10.73,1.3,2.12
40,Oklahoma,2016,68.06,68.47,76.18,51.19,54.14,32.6,19.09,20.09,5.02,8.96,0.39,2.15
40,Oklahoma,2017,64.33,67.64,78.64,52.82,59.88,33.01,23.22,21.32,5.71,9.76,0.57,2.49
40,Oklahoma,2018,64.74,68.95,78.38,56.22,63.11,34.46,22.28,20.54,5.27,9.23,1.17,2.78
40,Oklahoma,2019,64.95,72.25,78.01,51.73,63.74,32.93,28.9,19.92,5.05,8.85,1.23,2.5
41,Oregon,2009,73.77,77.51,86.13,65.46,65.32,51.14,26.14,45.69,8.59,34.93,1.99,13.12
41,Oregon,2010,75.52,76.5,85.52,67.93,68.84,51.52,29.21,48.08,8.79,35.13,2.43,11.79
41,Oregon,2011,75.38,75.26,86.91,72.8,69.7,49.96,33.87,45.36,10.99,33.28,3.94,11.4
41,Oregon,2012,72.14,77.16,85.54,68.38,71.88,50.64,31.66,44.06,12.27,30.02,2.66,9.08
41,Oregon,2013,75.77,79.27,86.48,71.56,73.86,51.16,36.1,44.32,13.67,26.48,2.93,7.37
41,Oregon,2014,72.74,72.37,88.12,68.99,77.19,50.13,40.65,40.76,17.11,26.51,3.65,5.98
41,Oregon,2015,72.78,73.04,83.42,71.77,77.94,49.42,38.48,40.32,15.33,26.2,2.48,6.33
41,Oregon,2016,73.01,72.38,83.79,72.83,76.39,50.27,46.79,40.58,21.3,27.11,3.71,5.53
41,Oregon,2017,71.56,74.01,85.13,78.04,79.23,53.49,52.41,45.39,22.93,29.74,4.75,6.2
41,Oregon,2018,70.01,71.51,83,75.41,79.51,54.13,57.42,42.39,25.04,31.15,3.68,6.31
41,Oregon,2019,65.12,74.19,82.51,76.89,78.08,54.63,60.86,40.93,27.49,29.96,3.66,6.54
42,Pennsylvania,2009,71.47,79.68,75.54,67.62,53.76,44.66,19.32,31.79,7.76,20.94,2.08,8.4
42,Pennsylvania,2010,72.25,75.56,75.43,66.88,57.37,44.21,25.94,33.08,8.24,21.75,3.14,7.99
42,Pennsylvania,2011,72.34,76.66,77.1,70.38,60.46,45.7,26.86,34.78,10.61,22.56,2.93,7.93
42,Pennsylvania,2012,70.5,77.24,77.4,69.11,61.7,44.43,27.41,30.92,10.4,19.63,2.04,6.7
42,Pennsylvania,2013,70.44,76.43,77.69,69.59,63.2,44.87,31.24,29.82,9.8,18.95,2.93,5.65
42,Pennsylvania,2014,70.28,77.26,77.46,73.06,65.6,45.34,34.04,30.8,12.4,19.28,2.9,5.34
42,Pennsylvania,2015,69.69,76.43,77.33,73.47,66.78,45.02,34.8,30.31,12.39,18.53,2.71,5.29
42,Pennsylvania,2016,68.31,69.13,76.14,69.52,66.87,44.25,32.17,28.26,12.39,17.86,2.67,4.66
42,Pennsylvania,2017,57.78,69.82,76.65,70.39,67.97,43.39,33.3,28.83,13.64,18.16,2.94,4.6
42,Pennsylvania,2018,69.11,75.89,78.06,73.72,69.49,46.47,38.93,30.48,15.34,17.19,3,4.4
42,Pennsylvania,2019,70.9,76.42,78.5,72.55,70.62,44.21,40.79,29.85,15.61,17.52,3.25,4.08
44,Rhode Island,2009,65.99,86.53,75.81,90.03,67.88,68.33,38.49,56.38,10.5,47.78,1.96,14.35
44,Rhode Island,2010,61.81,73.52,70.26,88.06,74.27,72,33.33,59.93,9.94,47.07,4.98,13.6
44,Rhode Island,2011,69.51,73.57,74.53,90.05,73.33,66.52,35.25,56.67,13.34,44.68,2.92,13.17
44,Rhode Island,2012,69.07,75.36,69.49,91.93,75.16,64.45,43.06,55.33,9.38,39.44,2.5,9.99
44,Rhode Island,2013,65.62,81.62,76.13,89.59,75.88,67.98,37.1,52.91,18.77,37.15,3.66,9.25
44,Rhode Island,2014,68.44,79.26,73.15,86.01,76.83,66.65,43.98,55.38,14.76,39.97,2.79,9.75
44,Rhode Island,2015,58.34,75.63,71.32,90.73,73.73,67.66,38.18,56.54,13.74,32.6,2.68,7.49
44,Rhode Island,2016,71.28,87.02,69.89,92.03,78.99,67.97,40.97,52.18,9.92,34.66,2.47,6.87
44,Rhode Island,2017,62.39,80,68.61,91.95,70.1,68.86,43.93,49.14,13.49,40.96,3.87,7.08
44,Rhode Island,2018,64.64,76.01,67.8,94.56,76.44,68.27,47.47,51.72,19.64,39.77,2.64,8.19
44,Rhode Island,2019,69.9,78.73,69.66,94.24,81.3,70.38,52.69,50.79,21.58,33.36,2.3,7.38
45,South Carolina,2009,68.24,70.92,76.99,51.98,51.04,39.14,19.3,27.85,5.05,14.06,1.42,6.44
45,South Carolina,2010,66.87,72.15,79.7,55.09,56.58,42.33,20.01,29.44,7.05,16.52,1.37,5.94
45,South Carolina,2011,65.14,72.23,77.86,57.82,58.43,40.86,24.27,29.21,6.87,16.6,3.21,5.99
45,South Carolina,2012,64.67,65.95,78.17,50.72,59.42,37.35,22.51,27.13,8.08,14.56,1.9,4.41
45,South Carolina,2013,64.94,67.87,77.85,54.44,59.22,39.71,25.81,26.07,6.56,12.5,1.81,3.78
45,South Carolina,2014,65.5,66.13,79.77,55.43,63.01,40.04,27.75,23.15,7.62,12.13,2.43,3.92
45,South Carolina,2015,61.1,67.38,77.71,55.71,61.52,38.95,27.03,24.14,10.67,12.88,2.09,3.28
45,South Carolina,2016,63.54,66.74,76.08,54.12,63.63,37.23,29.95,24.39,9.53,12.24,2.52,3.62
45,South Carolina,2017,64.79,68.67,78.94,52,67.27,35.11,31.99,23.49,10.22,11.48,2.86,3.01
45,South Carolina,2018,62.07,71.54,76.52,57,66.26,37.33,35.92,23.22,13.45,13.48,2.47,3.05
45,South Carolina,2019,63.39,70.65,76.51,53.58,67.03,37.57,35.65,24.24,13.29,12.09,3.07,2.74
46,South Dakota,2009,67.02,70.66,62.65,50.93,32.05,33.13,7.65,22.52,0.57,12.74,1.34,4.37
46,South Dakota,2010,73.07,74.08,68.35,49.5,29.41,37.24,11.24,23.35,4.38,11.68,0,4.77
46,South Dakota,2011,66.36,71.93,62.83,57.42,41.59,34.67,8.7,25.05,3.22,13.2,2.47,3.15
46,South Dakota,2012,73.34,71.25,67.18,54.99,43.67,34.67,14.25,21.53,4.4,9.2,0.46,3.14
46,South Dakota,2013,78.43,72.33,66.07,60.48,41.73,33,11.11,24.14,1.97,7.18,1.36,2.98
46,South Dakota,2014,67.84,73.6,71.7,57.68,39.39,33.73,10.88,23.35,3.18,11.27,0.77,2.41
46,South Dakota,2015,67.24,73.48,74.36,70.62,45.44,36.69,13.21,22.39,5.34,9.77,0,3.35
46,South Dakota,2016,69.24,66.94,73.96,67.63,48.38,36.4,15.46,23.58,4.66,11.39,0,2.76
46,South Dakota,2017,73.94,69.17,75.17,62.27,49.18,33.88,16.64,22.35,4.3,10.31,0.49,1.55
46,South Dakota,2018,63.15,67.77,75.58,64.22,55.41,36.14,20.89,25.3,3.45,12.57,1.86,3.7
46,South Dakota,2019,67.32,80.49,67.38,64.22,59.15,36.08,22.59,27.45,6.44,15.03,1.45,3.15
47,Tennessee,2009,67.49,71.25,77.31,55.7,48.26,42.2,15.59,28.64,4.53,15.13,1.3,4.27
47,Tennessee,2010,66.67,70.26,77.05,54.46,54.09,43.51,17.92,28.57,5.69,13.8,2.14,4.83
47,Tennessee,2011,67.37,71.8,76.62,57.15,54.95,41.2,21,29.4,5.76,14.81,2.91,4.24
47,Tennessee,2012,64.08,70.97,77.34,57.34,55.82,39.51,19.7,26.9,7.64,12.41,1.8,4
47,Tennessee,2013,64.38,70.9,77.75,52.83,58.61,38.9,21.07,23.64,5.97,11.69,1.64,3.12
47,Tennessee,2014,65.8,67.59,76.45,57.6,60.81,39.68,24.2,24.99,7.56,11.87,0.79,3.51
47,Tennessee,2015,62.66,68.51,77.75,55.33,61.84,36.68,24.33,25.42,7.41,10.24,2.46,3
47,Tennessee,2016,60.6,67.01,78.13,52.66,62.63,37.2,26.07,22.05,8.59,11.12,2.27,2.86
47,Tennessee,2017,60.68,66.54,77.4,56.01,62.62,36.21,26.98,22.1,10.68,10.18,1.31,2.67
47,Tennessee,2018,63.36,70.78,79.15,53.66,67.56,37.13,35.01,24.57,12.53,11.74,1.5,2.98
47,Tennessee,2019,63.17,72.55,77.72,54.16,68.16,37.47,35.2,22.4,12.49,11.55,1.95,2.86
48,Texas,2009,71.51,72.97,84.01,58.66,60.14,44.16,23.84,33.93,8.1,19.39,1.77,5.97
48,Texas,2010,71.61,70.98,84.5,60.08,63.61,45.7,27.46,35.48,9,20.87,1.95,6.21
48,Texas,2011,71.42,68.56,84.06,61.3,66.64,45.78,27.87,34.83,9.19,20.26,1.51,5.68
48,Texas,2012,70.51,69.96,84.98,57.8,65.54,44.34,27.72,33.58,10,18.03,1.79,4.63
48,Texas,2013,68.6,67.64,85.12,57.49,67.14,42.23,30.11,29.9,11.02,17.04,2.15,4.25
48,Texas,2014,68.91,70.14,85.71,61.96,71.31,42.82,35.56,30.2,12.51,16.79,2.06,4.33
48,Texas,2015,65.34,69.27,85.87,61.99,72.72,44.26,35.66,31.76,14.18,17.23,2.36,4.32
48,Texas,2016,65.72,68.21,85.2,59.3,74.01,43.06,38.86,31.08,15.68,17.69,2.54,4.63
48,Texas,2017,65.86,69.14,85.29,60.44,77.96,42.94,43.27,31.31,16.75,18.02,2.41,4.87
48,Texas,2018,64.48,69.29,86.19,63.41,79.64,44.79,48.37,32.6,19.87,21.02,2.71,5.24
48,Texas,2019,65.4,69.75,84.94,63.59,81.42,43.89,51.62,32.77,22.17,21.93,3.34,5.69
49,Utah,2009,75.29,71.54,81.98,65.86,64.6,48.69,23.69,46.92,9.16,29.72,4.71,9.17
49,Utah,2010,74.04,73.57,84.2,61.01,61.49,53.21,24.69,47.44,10.9,29.52,2.1,7.77
49,Utah,2011,72.97,76.03,84.76,63.41,68.73,51.87,28.58,49.03,10.29,28.09,1.46,6.49
49,Utah,2012,69.4,75.17,84.15,67.92,71.82,52.49,31.27,46.36,12.27,23.1,1.62,6.47
49,Utah,2013,70.43,70.93,81.34,65.27,70.96,51.42,33.5,40.55,12.31,23.86,2.06,5.15
49,Utah,2014,71.45,68.23,84.88,59.87,71.73,47.59,33.31,40.5,12.19,23.27,1.01,5.21
49,Utah,2015,69.06,71.29,81.49,62.7,71.23,47.82,32.98,40.46,12.44,19.26,2.43,3.39
49,Utah,2016,68.46,67.87,86.85,64.29,74.84,46.12,39.99,38.91,12.21,21.08,2.45,3.32
49,Utah,2017,61.06,78.83,84.54,62.64,73.26,50.93,45.01,38.69,15.2,22.54,2.34,4.36
49,Utah,2018,63.92,72.82,85.46,69.69,78.94,49.58,43.56,39.56,20.54,24.35,3.3,3.66
49,Utah,2019,65.63,72.44,87.07,69.09,81.01,51.02,50.66,41.61,19.77,26.67,2.35,5.5
50,Vermont,2009,76.56,77.19,70.89,77.98,60.9,59.73,32.1,43.51,13,32.19,2.21,9.12
50,Vermont,2010,76.16,70.26,72.28,85.57,66.94,54.74,28.76,47.58,13.94,26.33,0.95,9.06
50,Vermont,2011,78.57,81.8,75.16,86.74,67.39,64.73,35.93,41.99,14.5,29.14,1.62,8
50,Vermont,2012,78.62,82.31,71.52,86.22,71.64,60.71,30.01,40.37,11.98,27.71,1.05,8.14
50,Vermont,2013,75.39,84.14,79.75,84.63,73.52,58.94,33.76,41.12,10.93,26.19,0.14,6.49
50,Vermont,2014,72.5,86.25,75.56,85.47,66.47,60.86,44.35,43.26,12.47,28.54,4.32,6.49
50,Vermont,2015,71.59,81.8,64.87,84.91,76.97,64.81,45.81,41.89,13.67,28.6,2.4,6.43
50,Vermont,2016,67.6,84.06,78.35,87.7,72.5,64.1,35.88,43.64,14.31,24.76,2.19,5.9
50,Vermont,2017,77.4,79.93,73.73,85.24,70.64,59.05,44.77,39.92,16.53,25.62,3.13,5.51
50,Vermont,2018,72.07,75.75,74.67,82.54,70.02,61.04,36.12,44.95,21.48,24.39,1.89,5.28
50,Vermont,2019,70.42,73.48,70.25,82.55,81.32,58.38,47.87,40.15,28.12,21.63,5.76,4.75
51,Virginia,2009,68.28,72.97,79.41,61.02,67.84,46.4,40.32,42.21,23.47,33.55,5.56,14.79
51,Virginia,2010,68.64,71.42,81.03,57.63,69.35,47.83,46.16,41.05,25.19,33.06,6.95,13.5
51,Virginia,2011,68.12,73.69,80.26,61.74,71.25,48.87,49.67,41.86,26.82,30.65,6.25,11.4
51,Virginia,2012,65.92,73.12,79.35,58.58,73.5,48.25,48.49,40.28,28.14,29.13,5.86,10.14
51,Virginia,2013,67.08,69.05,80.67,60.21,72.97,46.58,46.98,38.57,26.89,27.19,7.39,8.46
51,Virginia,2014,65.99,74.89,81.34,64.28,76.22,48.57,52.18,36.85,29.81,27.06,6.6,8.35
51,Virginia,2015,70.23,68.23,79.68,64.16,75.52,48.45,53.18,37.79,29.18,25.83,8.01,8.06
51,Virginia,2016,68.81,71.03,79.72,62.04,77.54,47.55,51.48,36.8,31.56,25.63,6.88,7.1
51,Virginia,2017,68.85,69.8,77.88,60.14,73.62,44.82,52.07,36.17,32.7,26.86,6.18,7.44
51,Virginia,2018,64.33,72.39,82.01,67.03,77.86,45.94,58.26,36.51,32.67,25.02,7.42,7.36
51,Virginia,2019,64.39,70.78,80.3,61.27,76.31,46.19,56.26,37.34,33.34,25.29,6.55,6.83
53,Washington,2009,75.79,74.89,84.12,66.04,69.1,54.52,35.82,47.49,15.8,40.94,3.19,15.55
53,Washington,2010,74.54,72.37,83.97,69.22,73.4,53.83,37.39,47.86,16.68,39.52,3.23,15.13
53,Washington,2011,73.72,70.63,84.22,69.55,73.9,55.06,39.43,48.74,18.56,38.96,3.39,13.11
53,Washington,2012,72.15,72.06,85.26,69.27,75.89,54.97,43.46,46.9,17.29,35.59,3.82,11.03
53,Washington,2013,71.18,74.8,85.65,69.34,76.41,54.1,45.04,44.44,21.83,32.33,3.2,9.1
53,Washington,2014,68.69,71.29,85.25,68.85,77.29,53.08,48.99,42.27,22.75,29.69,3.62,8.65
53,Washington,2015,68.37,68.98,82.98,68.84,77.96,52.23,49.87,43.87,24.78,28.92,4.03,7.39
53,Washington,2016,70.38,71.77,84.27,73.94,76.5,53.23,54.58,42.35,26.5,30.51,5.33,7.63
53,Washington,2017,67.46,68.68,80.97,75.28,80.38,55.33,54.98,43.85,32.09,31.8,6.37,8.12
53,Washington,2018,66.94,72.22,83.17,75.2,80.65,58.53,64.47,43.71,35.84,32,6.86,8.9
53,Washington,2019,64.79,71.08,81.11,74.4,82.26,57.93,64.95,42.04,39.44,34.84,8.47,8.93
54,West Virginia,2009,67.17,66.74,62.8,34.58,31,20,8.34,11.71,0.55,6.99,0,2.21
54,West Virginia,2010,61.83,61.52,65.65,35.23,37.05,24.61,8.53,12.52,2.34,6.76,0.8,2.42
54,West Virginia,2011,57.63,64,65.73,38.46,39.97,23.83,8.6,15.73,3.69,7.5,0.5,1.97
54,West Virginia,2012,60.23,65.23,65.82,38.89,39.37,20.86,10.23,11.09,3.73,5.8,0.86,1.55
54,West Virginia,2013,64.72,67.78,65.24,39.7,37.79,23.2,6.96,10.05,3.15,6.56,0.36,2.14
54,West Virginia,2014,62.64,62.34,64.22,34.63,41.55,22.16,10.04,12.24,2.57,5.47,0.75,1.36
54,West Virginia,2015,61.48,65.86,65.15,37.97,45.22,21.17,13.28,12.2,4.56,4.34,0.24,1.31
54,West Virginia,2016,65.55,63.6,69.94,42.03,44.43,22.18,12.62,12.06,7.35,4.63,0,1.3
54,West Virginia,2017,61.62,62.09,65.12,41.5,48.49,23.18,14.51,12.9,4.06,6.37,1.05,1.32
54,West Virginia,2018,61.43,66.69,68.84,44.26,51.65,26.82,14.31,12.62,3.64,5.72,1.02,1.19
54,West Virginia,2019,57.89,61.04,62.84,44.68,52.19,24.14,10.32,13.09,4.93,4.81,0.25,1.08
55,Wisconsin,2009,81.16,82.93,79.44,73.76,51.61,52.25,16.26,40.05,3.65,25.13,1.06,7.66
55,Wisconsin,2010,77.33,80.85,81.26,75.36,55.77,51.46,16.48,38.07,3.66,23.79,1.21,7.17
55,Wisconsin,2011,76.91,78.7,81.14,77.34,58.81,51.88,18.05,39.07,4.62,23.06,0.83,6.71
55,Wisconsin,2012,78.92,79.04,83,76.03,57.99,49.82,18.49,36.3,4.11,20.18,1.41,4.91
55,Wisconsin,2013,75.44,75.89,80,77.17,59.41,48.09,16.68,34.39,4.85,19.62,1.22,4.56
55,Wisconsin,2014,75.05,77.03,84.19,77.23,61.59,48.91,22.41,33.78,5.03,19.19,1.36,4.5
55,Wisconsin,2015,74.77,75.58,80.5,77.79,64.72,48.56,20.96,31.11,7.17,16.69,1.17,3.58
55,Wisconsin,2016,74.32,78.09,82.88,77.55,63.29,46.8,21.37,31.04,5.49,16.56,1.24,3.28
55,Wisconsin,2017,70.13,77.4,82.03,76.39,66.12,47.36,23.37,29.39,6.24,14.74,1.55,2.76
55,Wisconsin,2018,74.36,74.5,81.46,77.6,67.65,48.46,27.2,30.8,7.65,15.44,0.98,3.05
55,Wisconsin,2019,71.66,78.94,83.03,78.67,69.14,46.33,27.42,29.99,7.92,15.68,1.55,3.33
56,Wyoming,2009,72.23,65.52,68.85,55.17,44.38,33.64,3.82,30.19,3.43,17.99,4.28,4.18
56,Wyoming,2010,74.91,74.4,74.69,49.94,38.22,38.97,13.18,28.06,4.01,18.55,1.2,3.63
56,Wyoming,2011,70.18,79.36,68.35,55.17,47.01,41.01,21.47,28.2,5.08,18.5,1.84,2.62
56,Wyoming,2012,80.19,72.75,74.85,55.65,50.54,37.72,23.66,23.11,7.89,18.06,3.62,2.44
56,Wyoming,2013,62.23,74.59,77.05,61.65,60.01,41.57,20.42,18.09,6.88,15.54,0,3.9
56,Wyoming,2014,77.89,75.34,71.19,62.14,53.5,35.27,24.47,28.53,8.68,11.76,1.01,3.93
56,Wyoming,2015,73.56,69.3,77.52,60.22,60.68,37.42,20.58,29.11,9.38,13.97,0.81,3.08
56,Wyoming,2016,76.22,71.94,73.13,53.99,54.78,38.64,31.57,30.46,10.74,14.21,2.34,3.26
56,Wyoming,2017,69.8,75.01,70.24,65.87,59.38,34.01,34.59,28.63,6.77,15.13,3.76,3.85
56,Wyoming,2018,62.34,68.24,71.8,63.42,59.9,39.32,27.4,24.98,5.98,17.96,1.36,4.06
56,Wyoming,2019,77.03,71.31,73.49,60.77,61.9,32.68,25.07,34.6,16.6,18,0.72,3.61
72,Puerto Rico,2009,37.97,41.1,42.09,25.81,17.68,26.72,8.26,15.61,4.68,9.59,0,7.85
72,Puerto Rico,2010,36.26,38.97,40.08,27.99,19.91,28.01,5.29,18.22,4.72,11.34,2.77,8.25
72,Puerto Rico,2011,36.03,42.19,41.83,28.87,23.57,28.37,9.11,18.61,12.69,12.63,7.77,7.32
72,Puerto Rico,2012,34.65,42.48,42.13,30.9,21.74,30.68,8.68,19.02,5.04,11.58,3.2,6.53
72,Puerto Rico,2013,35.3,42.47,43.36,30.13,24.93,29.46,8.29,18.36,6.29,12.14,2.74,5.72
72,Puerto Rico,2014,33.96,44.38,41.54,30.84,26.66,29.28,13.17,16.87,7.75,11.87,1.27,5.33
72,Puerto Rico,2015,37.42,40.74,43.02,27.53,21.87,27.23,5.64,15.45,4.99,9.11,4,3.98
72,Puerto Rico,2016,33.26,38.36,39.71,29.07,20.72,25.11,7.46,13.98,3.77,7.27,2.5,2.97
72,Puerto Rico,2017,31.12,39.44,41.43,27.83,21.98,24.08,10.05,13.8,5.01,8.21,3.24,2.72
72,Puerto Rico,2018,32.94,42.27,43.38,28.49,20.5,25.62,11.1,14.43,4.5,7.82,1.82,4.84
72,Puerto Rico,2019,29.65,36,41.16,28.03,23.99,23.78,5.19,13.38,3.45,6.2,1.19,2.79
